[Data],,
Sample_ID,index,index 2
clone_1-1-1,TAGCGAGGCT,TTGCTCACGG
clone_1-2-1,CCAACTGTAT,GCGCTAGAGA
clone_2-1-1,GAGTAGTGAC,GCGATGCCAA
clone_2-2-1,CCAGTATTCT,ACGAAGCGAT
clone_3-1-1,ATCATACCGC,ATGTCGTACT
clone_3-2-1,ATTCGCACTA,TCTGTATGGT
clone_4-1-1,CTCTTCAGCA,TTGTCTCTAC
clone_4-2-1,CTGTATGCCA,TTCCGGCTGT
clone_5-1-1,TCTGACTATG,TAACCAGATC
clone_5-2-1,TGTGACGTAT,GCAGCGTTAG
clone_1-1-2,GCGCCATATA,GAACCTCCTA
clone_1-2-2,CACTCGCATA,GAACGCGACA
clone_2-1-2,AAGGTCAATG,GCATTATAGG
clone_2-2-2,GTGACGCACA,CGTTGTTGCG
clone_3-1-2,TGTCAGGCTT,GATTCCTTAC
clone_3-2-2,CACGTGATGG,TACAACGTGT
clone_4-1-2,CCATCACGTG,TCTCCTGGTT
clone_4-2-2,ACCAGGAATT,AGCATGGCAT
clone_5-1-2,TAAGGCTCAC,GACGTTACTT
clone_5-2-2,TGGCACTGAT,GCCATAGAAT
